Ciudad,año,mes,dia,Semana,DiaInic,Diafin,FRUTAS,TUBERCULOS RAICES Y PLATANOS,VERDURAS Y HORTALIZAS,OTROS GRUPOS
Manizales Centro Galerías,2018,3,1,9,01/03/2018,07/03/2018,291.043,429.605,189.169,138.176
Manizales Centro Galerías,2018,3,8,10,08/03/2018,14/03/2018,304.307,420.909,184.683,93.684
Manizales Centro Galerías,2018,3,15,11,15/03/2018,21/03/2018,252.468,278.465,131.636,83.392
Manizales Centro Galerías,2018,3,22,12,22/03/2018,28/03/2018,285.9,510.7,166.426,121.93
Manizales Centro Galerías,2018,3,29,13,29/03/2018,04/04/2018,163.594,183.775,83.313,52.96
Manizales Centro Galerías,2018,4,5,14,05/04/2018,11/04/2018,298.624,457.715,162.455,190.794
Manizales Centro Galerías,2018,4,12,15,12/04/2018,18/04/2018,297.174,429.59,214.88,125.825
Manizales Centro Galerías,2018,4,19,16,19/04/2018,25/04/2018,337.689,382.585,208.619,203
Manizales Centro Galerías,2018,4,26,17,26/04/2018,02/05/2018,339.292,418.4,240.531,108.611
Manizales Centro Galerías,2018,5,3,18,03/05/2018,09/05/2018,342.847,517.8,221.622,123.684
Manizales Centro Galerías,2018,5,10,19,10/05/2018,16/05/2018,227.57,249.19,146.522,105.95
Manizales Centro Galerías,2018,5,17,20,17/05/2018,23/05/2018,365.195,474.5,221.296,139.827
Manizales Centro Galerías,2018,5,24,21,24/05/2018,30/05/2018,330.251,425.105,240.415,153.831
Manizales Centro Galerías,2018,5,31,22,31/05/2018,06/06/2018,267.891,324.27,169.676,113.052
Manizales Centro Galerías,2018,6,7,23,07/06/2018,13/06/2018,244.597,306.385,160.586,143.443
Manizales Centro Galerías,2018,6,14,24,14/06/2018,20/06/2018,365.084,509.69,232.2,132.83
Manizales Centro Galerías,2018,6,21,25,21/06/2018,27/06/2018,333.468,470.565,259.584,166.503
Manizales Centro Galerías,2018,6,28,26,28/06/2018,04/07/2018,230.512,173.95,178.801,138.698
Manizales Centro Galerías,2018,7,5,27,05/07/2018,11/07/2018,325.399,419.76,243.39,157.142
Manizales Centro Galerías,2018,7,12,28,12/07/2018,18/07/2018,332.227,407.76,216.757,116.319
Manizales Centro Galerías,2018,7,19,29,19/07/2018,25/07/2018,277.289,453.18,205.881,129.383
Manizales Centro Galerías,2018,7,26,30,26/07/2018,01/08/2018,313.214,379.475,205.199,157.018
Manizales Centro Galerías,2018,8,2,31,02/08/2018,08/08/2018,298.229,370.865,274.294,124.753
Manizales Centro Galerías,2018,8,9,32,09/08/2018,15/08/2018,305.446,505.07,249.345,140.822
Manizales Centro Galerías,2018,8,16,33,16/08/2018,22/08/2018,227.578,297.64,194.412,146.895
Manizales Centro Galerías,2018,8,23,34,23/08/2018,29/08/2018,358.66,486.773,239.888,146.318
Manizales Centro Galerías,2018,8,30,35,30/08/2018,05/09/2018,317.847,547.74,287.374,162.585
Manizales Centro Galerías,2018,9,6,36,06/09/2018,12/09/2018,357.514,494.785,287.031,182.624
Manizales Centro Galerías,2018,9,13,37,13/09/2018,19/09/2018,309.018,479.065,264.79,181.723
Manizales Centro Galerías,2018,9,20,38,20/09/2018,26/09/2018,364.492,405.665,303.156,170.503
Manizales Centro Galerías,2018,9,27,39,27/09/2018,03/10/2018,381.088,454.655,265.602,175.855
Manizales Centro Galerías,2018,10,4,40,04/10/2018,10/10/2018,346.357,429.095,303.326,192.198
Manizales Centro Galerías,2018,10,11,41,11/10/2018,17/10/2018,267.15,319.48,204.848,141.371
Manizales Centro Galerías,2018,10,18,42,18/10/2018,24/10/2018,393.525,431.75,308.265,144.922
Manizales Centro Galerías,2018,10,25,43,25/10/2018,31/10/2018,360.916,414.74,285.722,160.724
Manizales Centro Galerías,2018,11,1,44,01/11/2018,07/11/2018,334.718,370.995,219.938,103.927
Manizales Centro Galerías,2018,11,8,45,08/11/2018,14/11/2018,305.682,279.71,191.475,141.506
Manizales Centro Galerías,2018,11,15,46,15/11/2018,21/11/2018,434.397,433.97,263.658,187.275
Manizales Centro Galerías,2018,11,22,47,22/11/2018,28/11/2018,391.285,438.25,248.228,177.476
Manizales Centro Galerías,2018,11,29,48,29/11/2018,05/12/2018,433.795,469.1,267.706,201.565
Manizales Centro Galerías,2018,12,6,49,06/12/2018,12/12/2018,404.914,486.415,305.242,193.859
Manizales Centro Galerías,2018,12,13,50,13/12/2018,19/12/2018,397.19,506.06,283.453,198.804
Manizales Centro Galerías,2018,12,20,51,20/12/2018,26/12/2018,308.335,338.575,214.74,139.636
Manizales Centro Galerías,2018,12,27,52,27/12/2018,02/01/2019,255.785,303.55,189.172,197.597
Manizales Centro Galerías,2019,1,3,1,03/01/2019,09/01/2019,293.741,357.93,167.301,130.115
Manizales Centro Galerías,2019,1,10,2,10/01/2019,16/01/2019,330.508,453.675,269.997,184.993
Manizales Centro Galerías,2019,1,17,3,17/01/2019,23/01/2019,357.762,497.375,248.007,133.451
Manizales Centro Galerías,2019,1,24,4,24/01/2019,30/01/2019,361.541,421.69,241.259,197.18
Manizales Centro Galerías,2019,1,31,5,31/01/2019,06/02/2019,350.686,410.98,270.173,153.962
Manizales Centro Galerías,2019,2,7,6,07/02/2019,13/02/2019,347.51,512.8,255.976,175.244
Manizales Centro Galerías,2019,2,14,7,14/02/2019,20/02/2019,295.272,458.435,289.93,237.797
Manizales Centro Galerías,2019,2,21,8,21/02/2019,27/02/2019,297.434,512.695,316.658,198.245
Manizales Centro Galerías,2019,2,28,9,28/02/2019,06/03/2019,367.062,486.325,378.915,237.002
Manizales Centro Galerías,2019,3,7,10,07/03/2019,13/03/2019,415.05,475,314.005,150.824
Manizales Centro Galerías,2019,3,14,11,14/03/2019,20/03/2019,313.373,374.625,330.587,176.194
Manizales Centro Galerías,2019,3,21,12,21/03/2019,27/03/2019,278.966,353.255,239.657,150.415
Manizales Centro Galerías,2019,3,28,13,28/03/2019,03/04/2019,410.182,466.995,330.012,203.791
Manizales Centro Galerías,2019,4,4,14,04/04/2019,10/04/2019,347.324,477.36,308.038,180.136
Manizales Centro Galerías,2019,4,11,15,11/04/2019,17/04/2019,444.572,656.27,325.828,176.437
Manizales Centro Galerías,2019,4,18,16,18/04/2019,24/04/2019,288.121,285.355,234.11,122.302
Manizales Centro Galerías,2019,4,25,17,25/04/2019,01/05/2019,436.022,475.225,348.893,150.889
Manizales Centro Galerías,2019,5,2,18,02/05/2019,08/05/2019,396.307,499.27,371.2,197.024
Manizales Centro Galerías,2019,5,9,19,09/05/2019,15/05/2019,404.475,471.925,321.344,199.118
Manizales Centro Galerías,2019,5,16,20,16/05/2019,22/05/2019,384.442,504.395,303.505,166.682
Manizales Centro Galerías,2019,5,23,21,23/05/2019,29/05/2019,397.381,474.645,291.538,159.07
Manizales Centro Galerías,2019,5,30,22,30/05/2019,05/06/2019,326.911,294.62,207.8,152.334
Manizales Centro Galerías,2019,6,6,23,06/06/2019,12/06/2019,395.604,506.25,337.705,178.333
Manizales Centro Galerías,2019,6,13,24,13/06/2019,19/06/2019,384.105,468.84,323.172,237.267
Manizales Centro Galerías,2019,6,20,25,20/06/2019,26/06/2019,330.594,291.87,268.085,139.11
Manizales Centro Galerías,2019,6,27,26,27/06/2019,03/07/2019,286.193,386.5,252.086,174.295
Manizales Centro Galerías,2019,7,4,27,04/07/2019,10/07/2019,441.833,440.77,351.965,179.374
Manizales Centro Galerías,2019,7,11,28,11/07/2019,17/07/2019,379.304,499.225,324.505,160.984
Manizales Centro Galerías,2019,7,18,29,18/07/2019,24/07/2019,325.864,465.665,320.557,183.392
Manizales Centro Galerías,2019,7,25,30,25/07/2019,31/07/2019,398.087,481.875,324.3,223.5866
Manizales Centro Galerías,2019,8,1,31,01/08/2019,07/08/2019,301.181,489.095,301.804,174.2906
Manizales Centro Galerías,2019,8,8,32,08/08/2019,14/08/2019,357.78,402.64,278.811,224.414
Manizales Centro Galerías,2019,8,15,33,15/08/2019,21/08/2019,301.909,270.445,154.475,208.8959
Manizales Centro Galerías,2019,8,22,34,22/08/2019,28/08/2019,323.8725,517.97,284.473,184.1116
Manizales Centro Galerías,2019,8,29,35,29/08/2019,04/09/2019,386.068,450.64,299.829,169.2838
Manizales Centro Galerías,2019,9,5,36,05/09/2019,11/09/2019,355.3855,414.5,326.941,258.6022
Manizales Centro Galerías,2019,9,12,37,12/09/2019,18/09/2019,385.718,414.15,290.629,213.4056
Manizales Centro Galerías,2019,9,19,38,19/09/2019,25/09/2019,397.352,384.78,338.098,244.2459
Manizales Centro Galerías,2019,9,26,39,26/09/2019,02/10/2019,387.557,366.57,317.878,211.4902
Manizales Centro Galerías,2019,10,3,40,03/10/2019,09/10/2019,375.04,421.13,304.728,223.3124
Manizales Centro Galerías,2019,10,10,41,10/10/2019,16/10/2019,295.372,300.585,212.33,170.4246
Manizales Centro Galerías,2019,10,17,42,17/10/2019,23/10/2019,397.583,367.965,338.406,209.515
Manizales Centro Galerías,2019,10,24,43,24/10/2019,30/10/2019,393.967,361.135,321.204,217.026
Manizales Centro Galerías,2019,10,31,44,31/10/2019,06/11/2019,345.416,318.29,253.134,161.4816
Manizales Centro Galerías,2019,11,7,45,07/11/2019,13/11/2019,319.245,352.05,218.468,180.897
Manizales Centro Galerías,2019,11,14,46,14/11/2019,20/11/2019,406.605,398.3,346.333,244.0376
Manizales Centro Galerías,2019,11,21,47,21/11/2019,27/11/2019,387.317,337.185,287.397,252.0746
Manizales Centro Galerías,2019,11,28,48,28/11/2019,04/12/2019,427.624,475.135,331.994,263.1252
Manizales Centro Galerías,2019,12,5,49,05/12/2019,11/12/2019,478.029,474.255,341.228,260.3236
Manizales Centro Galerías,2019,12,12,50,12/12/2019,18/12/2019,404.575,445.925,308.175,258.2446
Manizales Centro Galerías,2019,12,19,51,19/12/2019,25/12/2019,384.108,511.89,275.752,244.763
Manizales Centro Galerías,2019,12,26,52,26/12/2019,01/01/2020,307.513,386.6,289.91,215.406
Manizales Centro Galerías,2020,1,2,1,02/01/2020,08/01/2020,327.818,268.095,184.785,230.796
Manizales Centro Galerías,2020,1,9,2,09/01/2020,15/01/2020,451.552,512.18,277.42,250.9124
Manizales Centro Galerías,2020,1,16,3,16/01/2020,22/01/2020,471.364,489.715,250.495,225.6764
Manizales Centro Galerías,2020,1,23,4,23/01/2020,29/01/2020,446.321,419.46,303.172,217.5136
Manizales Centro Galerías,2020,1,30,5,30/01/2020,05/02/2020,450.154,497.76,354.24,244.5372
Manizales Centro Galerías,2020,2,6,6,06/02/2020,12/02/2020,447.3,498.48,313.168,276.9992
Manizales Centro Galerías,2020,2,13,7,13/02/2020,19/02/2020,488.03,479.395,302.403,315.1744
Manizales Centro Galerías,2020,2,20,8,20/02/2020,26/02/2020,449.415,448.79,237.687,176.11
Manizales Centro Galerías,2020,2,27,9,27/02/2020,04/03/2020,370.993,477.95,339.155,201.8972
Manizales Centro Galerías,2020,3,5,10,05/03/2020,11/03/2020,441.971,594.11,304.959,240.7414
Manizales Centro Galerías,2020,3,12,11,12/03/2020,18/03/2020,428.701,502.63,362.976,251.4246
Manizales Centro Galerías,2020,3,19,12,19/03/2020,25/03/2020,420.849,767.795,341.934,338.5128
Manizales Centro Galerías,2020,3,26,13,26/03/2020,01/04/2020,426.179,537.84,360.058,253.439
Manizales Centro Galerías,2020,4,2,14,02/04/2020,08/04/2020,456.29,628.79,410.299,302.83
Manizales Centro Galerías,2020,4,9,15,09/04/2020,15/04/2020,303.555,369.815,211.313,136.585
Manizales Centro Galerías,2020,4,16,16,16/04/2020,22/04/2020,477.561,576.515,410.63,267.487
Manizales Centro Galerías,2020,4,23,17,23/04/2020,29/04/2020,456.801,573.64,356.801,222.6112
Manizales Centro Galerías,2020,4,30,18,30/04/2020,06/05/2020,485.725,524.915,417.595,277.037
Manizales Centro Galerías,2020,5,7,19,07/05/2020,13/05/2020,512.355,612.275,363.004,231.5688
Manizales Centro Galerías,2020,5,14,20,14/05/2020,20/05/2020,499.31,486.135,401.105,197.0872
Manizales Centro Galerías,2020,5,21,21,21/05/2020,27/05/2020,447.445,324.625,327.96,213.4962
Manizales Centro Galerías,2020,5,28,22,28/05/2020,03/06/2020,515.176,477.005,442.287,225.7146
Manizales Centro Galerías,2020,6,4,23,04/06/2020,10/06/2020,448.51,631.485,415.462,213.966
Manizales Centro Galerías,2020,6,11,24,11/06/2020,17/06/2020,417.535,353.36,356.215,201.377
Manizales Centro Galerías,2020,6,18,25,18/06/2020,24/06/2020,332.73,297.67,308.19,191.041
Manizales Centro Galerías,2020,6,25,26,25/06/2020,01/07/2020,339.715,411.565,401.686,198.5076
Manizales Centro Galerías,2020,7,2,27,02/07/2020,08/07/2020,456.017,560.84,434.34,219.6796
Manizales Centro Galerías,2020,7,9,28,09/07/2020,15/07/2020,435.535,515.54,357.24,207.838
Manizales Centro Galerías,2020,7,16,29,16/07/2020,22/07/2020,334.335,389.095,352.94,207.5705
Manizales Centro Galerías,2020,7,23,30,23/07/2020,29/07/2020,469.54,591.58,460.765,243.335
Manizales Centro Galerías,2020,7,30,31,30/07/2020,05/08/2020,446.665,566.57,436.345,259.561
Manizales Centro Galerías,2020,8,6,32,06/08/2020,12/08/2020,465.025,419.205,407.87,190.143
Manizales Centro Galerías,2020,8,13,33,13/08/2020,19/08/2020,357.87,405.985,300.52,149.811
Manizales Centro Galerías,2020,8,20,34,20/08/2020,26/08/2020,435.79,492.6,390.565,203.317
Manizales Centro Galerías,2020,8,27,35,27/08/2020,02/09/2020,411.558,591.34,370.602,250.49
Manizales Centro Galerías,2020,9,3,36,03/09/2020,09/09/2020,400.829,509.37,307.662,241.1232
Manizales Centro Galerías,2020,9,10,37,10/09/2020,16/09/2020,352.01,535.375,305.895,304.3992
Manizales Centro Galerías,2020,9,17,38,17/09/2020,23/09/2020,346.483,406.025,289.103,293.064
Manizales Centro Galerías,2020,9,24,39,24/09/2020,30/09/2020,340.397,448.75,310.685,224.997
Manizales Centro Galerías,2020,10,1,40,01/10/2020,07/10/2020,362.964,469.005,341.079,247.859
Manizales Centro Galerías,2020,10,8,41,08/10/2020,14/10/2020,325.395,373.31,273.195,196.447
Manizales Centro Galerías,2020,10,15,42,15/10/2020,21/10/2020,387.897,418.67,354.349,240.1574
Manizales Centro Galerías,2020,10,22,43,22/10/2020,28/10/2020,428.71,545.82,349.834,269.3794
Manizales Centro Galerías,2020,10,29,44,29/10/2020,04/11/2020,270.215,310,271.038,244.778
Manizales Centro Galerías,2020,11,5,45,05/11/2020,11/11/2020,391.203,485.195,286.665,253.1678
Manizales Centro Galerías,2020,11,12,46,12/11/2020,18/11/2020,268.448,369.12,233.255,217.4566
Manizales Centro Galerías,2020,11,19,47,19/11/2020,25/11/2020,338.264,459.52,294.832,253.1092
Manizales Centro Galerías,2020,11,26,48,26/11/2020,02/12/2020,358.915,430.87,324.973,283.47426
Manizales Centro Galerías,2020,12,3,49,03/12/2020,09/12/2020,342.404,529.41,304.31,182.8872
Manizales Centro Galerías,2020,12,10,50,10/12/2020,16/12/2020,369.994,472.22,324.298,270.4646
Manizales Centro Galerías,2020,12,17,51,17/12/2020,23/12/2020,379.955,493.27,310.338,255.7426
Manizales Centro Galerías,2020,12,24,52,24/12/2020,30/12/2020,326.085,392.59,220.018,203.941
Manizales Centro Galerías,2020,12,31,53,31/12/2020,06/01/2021,326.79,277.225,255.83,186.72
Manizales Centro Galerías,2021,1,7,2,07/01/2021,13/01/2021,337.37,403.405,268.95,204.7288
Manizales Centro Galerías,2021,1,14,3,14/01/2021,20/01/2021,367.155,447.985,329.03,284.641
Manizales Centro Galerías,2021,1,21,4,21/01/2021,27/01/2021,422.879,468.27,357.17,328.264
Manizales Centro Galerías,2021,1,28,5,28/01/2021,03/02/2021,461.545,495.965,403.68,371.9364
Manizales Centro Galerías,2021,2,4,6,04/02/2021,10/02/2021,436.265,465.61,372.085,303.6552
Manizales Centro Galerías,2021,2,11,7,11/02/2021,17/02/2021,383.095,448.375,371.845,254.4815
Manizales Centro Galerías,2021,2,18,8,18/02/2021,24/02/2021,418.505,448.965,341.575,242.5212
Manizales Centro Galerías,2021,2,25,9,25/02/2021,03/03/2021,404.36,491.265,370.86,249.946
Manizales Centro Galerías,2021,3,4,10,04/03/2021,10/03/2021,343.1,482.14,383.528,238.168
Manizales Centro Galerías,2021,3,11,11,11/03/2021,17/03/2021,367.51,432.835,356.325,224.41
Manizales Centro Galerías,2021,3,18,12,18/03/2021,24/03/2021,303.305,309.565,249.995,210.7772
Manizales Centro Galerías,2021,3,25,13,25/03/2021,31/03/2021,396.615,531.625,368.5,350.379
Manizales Centro Galerías,2021,4,1,14,01/04/2021,07/04/2021,309.669,315.1,289.65,156.826
Manizales Centro Galerías,2021,4,8,15,08/04/2021,14/04/2021,410.95,468.625,377.62,366.427
Manizales Centro Galerías,2021,4,15,16,15/04/2021,21/04/2021,425.845,469.64,393.63,336.698
Manizales Centro Galerías,2021,4,22,17,22/04/2021,28/04/2021,453.737,447.115,383.742,321.896
Manizales Centro Galerías,2021,4,29,18,29/04/2021,05/05/2021,239.73,176.825,118.525,230.883
Manizales Centro Galerías,2021,5,6,19,06/05/2021,12/05/2021,301.16,296.01,377.34,200.863
Manizales Centro Galerías,2021,5,13,20,13/05/2021,19/05/2021,309.41,273.18,205.955,180.747
Manizales Centro Galerías,2021,5,20,21,20/05/2021,26/05/2021,435.644,496.39,309.245,275.048
Manizales Centro Galerías,2021,5,27,22,27/05/2021,02/06/2021,442.49,492.615,404.69,313.05
Manizales Centro Galerías,2021,6,3,23,03/06/2021,09/06/2021,431.3,375.04,293.945,259.007
Manizales Centro Galerías,2021,6,10,24,10/06/2021,16/06/2021,373.16,377.63,354.955,253.8482
Manizales Centro Galerías,2021,6,17,25,17/06/2021,23/06/2021,418.05,422.236,395.922,344.253
Manizales Centro Galerías,2021,6,24,26,24/06/2021,30/06/2021,439.901,543.815,401.22,317.63404
Manizales Centro Galerías,2021,7,1,27,01/07/2021,07/07/2021,317.37,327.41,277.11,319.5178
Manizales Centro Galerías,2021,7,8,28,08/07/2021,14/07/2021,371.81,402.275,353.85,408.4132
Manizales Centro Galerías,2021,7,15,29,15/07/2021,21/07/2021,334.455,394.81,326.53,258.566
Manizales Centro Galerías,2021,7,22,30,22/07/2021,28/07/2021,351.958,386.245,362.48,377.518
Manizales Centro Galerías,2021,7,29,31,29/07/2021,04/08/2021,357.87,433.4,339.31,355.6378
Manizales Centro Galerías,2021,8,5,32,05/08/2021,11/08/2021,381.22,388.61,358.195,341.862
Manizales Centro Galerías,2021,8,12,33,12/08/2021,18/08/2021,278.294,307.195,276.135,218.448
Manizales Centro Galerías,2021,8,19,34,19/08/2021,25/08/2021,339.91,469.325,367.19,261.233
Manizales Centro Galerías,2021,8,26,35,26/08/2021,01/09/2021,348.065,395.695,329.935,224.80366
Manizales Centro Galerías,2021,9,2,36,02/09/2021,08/09/2021,394.42,398.78,375.485,314.7536
Manizales Centro Galerías,2021,9,9,37,09/09/2021,15/09/2021,342.225,400.465,357.346,286.2024
Manizales Centro Galerías,2021,9,16,38,16/09/2021,22/09/2021,347.27,407.675,385.43,272.904
Manizales Centro Galerías,2021,9,23,39,23/09/2021,29/09/2021,360.19,388.59,352.195,310.148
Manizales Centro Galerías,2021,9,30,40,30/09/2021,06/10/2021,303.64,399.525,371.155,217.6714
Manizales Centro Galerías,2021,10,7,41,07/10/2021,13/10/2021,339.24,416.6,404.425,324.2
Manizales Centro Galerías,2021,10,14,42,14/10/2021,20/10/2021,263.69,269.85,258.345,244.42
Manizales Centro Galerías,2021,10,21,43,21/10/2021,27/10/2021,370.24,394.8,397.885,246.73024
Manizales Centro Galerías,2021,10,28,44,28/10/2021,03/11/2021,303.98,235.45,243.09,164.4892
Manizales Centro Galerías,2021,11,4,45,04/11/2021,10/11/2021,430.345,376,358.58,323.7636
Manizales Centro Galerías,2021,11,11,46,11/11/2021,17/11/2021,400.09,329.125,297.515,214.238
Manizales Centro Galerías,2021,11,18,47,18/11/2021,24/11/2021,392.23,426.705,344.075,301.724
Manizales Centro Galerías,2021,11,25,48,25/11/2021,01/12/2021,398.395,418.35,304.685,285.36
Manizales Centro Galerías,2021,12,2,49,02/12/2021,08/12/2021,408.255,455.065,365.671,278.546
Manizales Centro Galerías,2021,12,9,50,09/12/2021,15/12/2021,350.96,350.4,303.965,267.62
Manizales Centro Galerías,2021,12,16,51,16/12/2021,22/12/2021,387.02,415.33,342.235,362.3286
Manizales Centro Galerías,2021,12,23,52,23/12/2021,29/12/2021,273.6,272.3,290.72,211.478
Manizales Centro Galerías,2021,12,30,53,30/12/2021,05/01/2022,230.45,255.775,249.66,179.6106
Manizales Centro Galerías,2022,1,6,2,06/01/2022,12/01/2022,258.03,239.015,277.025,175.981
Manizales Centro Galerías,2022,1,13,3,13/01/2022,19/01/2022,359.23,386.93,353.45,269.569
Manizales Centro Galerías,2022,1,20,4,20/01/2022,26/01/2022,398.3,281.05,355.3,277.558
Manizales Centro Galerías,2022,1,27,5,27/01/2022,02/02/2022,343.01,341.77,306.105,339.628
Manizales Centro Galerías,2022,2,3,6,03/02/2022,09/02/2022,351.64,318.965,339.7,253.241
Manizales Centro Galerías,2022,2,10,7,10/02/2022,16/02/2022,348.756,325.65,325.455,295.645
Manizales Centro Galerías,2022,2,17,8,17/02/2022,23/02/2022,378.88,346.345,327.575,327.271
Manizales Centro Galerías,2022,2,24,9,24/02/2022,02/03/2022,303.83,342.09,297.88,266.611
Manizales Centro Galerías,2022,3,3,10,03/03/2022,09/03/2022,319.19,334.7,336.93,239.9768
Manizales Centro Galerías,2022,3,10,11,10/03/2022,16/03/2022,289.9,359.825,324.79,312.275
Manizales Centro Galerías,2022,3,17,12,17/03/2022,23/03/2022,270.772,198.95,203.6,322.306
Manizales Centro Galerías,2022,3,24,13,24/03/2022,30/03/2022,332.35,268.49,316.825,379.944
Manizales Centro Galerías,2022,3,31,14,31/03/2022,06/04/2022,328.73,349.55,264.585,318.256
Manizales Centro Galerías,2022,4,7,15,07/04/2022,13/04/2022,351.15,349.44,345.31,232.7046
Manizales Centro Galerías,2022,4,14,16,14/04/2022,20/04/2022,197.86,201.95,281.74,180.646
Manizales Centro Galerías,2022,4,21,17,21/04/2022,27/04/2022,361.06,295.6,314.04,263.508
Manizales Centro Galerías,2022,4,28,18,28/04/2022,04/05/2022,346.895,363.375,320.87,293.476
Manizales Centro Galerías,2022,5,5,19,05/05/2022,11/05/2022,279.5,399.875,261.61,227.314
Manizales Centro Galerías,2022,5,12,20,12/05/2022,18/05/2022,309.62,395.385,306.425,253.564
Manizales Centro Galerías,2022,5,19,21,19/05/2022,25/05/2022,301.325,367.365,288.48,245.244
Manizales Centro Galerías,2022,5,26,22,26/05/2022,01/06/2022,244.17,192.83,247.8,257.744
Manizales Centro Galerías,2022,6,2,23,02/06/2022,08/06/2022,305.92,375.51,328.84,332.619
Manizales Centro Galerías,2022,6,9,24,09/06/2022,15/06/2022,330,409,238,247
Manizales Centro Galerías,2022,6,16,25,16/06/2022,22/06/2022,256.25,269.36,237.93,192.9548
Manizales Centro Galerías,2022,6,23,26,23/06/2022,29/06/2022,217.82,231.45,229.895,196.8816
Manizales Centro Galerías,2022,6,30,27,30/06/2022,06/07/2022,226.76,294.175,238.86,209.975
Manizales Centro Galerías,2022,7,7,28,07/07/2022,13/07/2022,323.78,283.825,274.585,286.52678
Manizales Centro Galerías,2022,7,14,29,14/07/2022,20/07/2022,327.408,285.95,275.63,226.154
Manizales Centro Galerías,2022,7,21,30,21/07/2022,27/07/2022,261.63,341.525,357.84,268.952
Manizales Centro Galerías,2022,7,28,31,28/07/2022,03/08/2022,250.11,319.65,391.295,299.014
Manizales Centro Galerías,2022,8,4,32,04/08/2022,10/08/2022,285.53,396.74,277.33,246.099
Manizales Centro Galerías,2022,8,11,33,11/08/2022,17/08/2022,231.38,228.85,218.534,315.705
Manizales Centro Galerías,2022,8,18,34,18/08/2022,24/08/2022,331.02,339.875,335.57,264.381
Manizales Centro Galerías,2022,8,25,35,25/08/2022,31/08/2022,318.2,383.34,304.46,262.509
Manizales Centro Galerías,2022,9,1,36,01/09/2022,07/09/2022,299.47,349.85,341.28,248.761
Manizales Centro Galerías,2022,9,8,37,08/09/2022,14/09/2022,290.8,378.125,246.39,312.474
Manizales Centro Galerías,2022,9,15,38,15/09/2022,21/09/2022,286.95,356.625,267.595,206.002
Manizales Centro Galerías,2022,9,22,39,22/09/2022,28/09/2022,275.072,384.125,314.1,293.405
Manizales Centro Galerías,2022,9,29,40,29/09/2022,05/10/2022,285.83,383.44,338.132,281.1586
Manizales Centro Galerías,2022,10,6,41,06/10/2022,12/10/2022,321.49,407.2,327.2,238.344
Manizales Centro Galerías,2022,10,13,42,13/10/2022,19/10/2022,227.61,279.95,256.225,259.09
Manizales Centro Galerías,2022,10,20,43,20/10/2022,26/10/2022,289.88,317.4,319.16,238.41
Manizales Centro Galerías,2022,10,27,44,27/10/2022,02/11/2022,310.79,374.825,317.775,239.711
Manizales Centro Galerías,2022,11,3,45,03/11/2022,09/11/2022,257.14,236.15,232.055,168.503
Manizales Centro Galerías,2022,11,10,46,10/11/2022,16/11/2022,252.28,275.3,206.965,257.777
Manizales Centro Galerías,2022,11,17,47,17/11/2022,23/11/2022,326.735,283,236.62,258.921
Manizales Centro Galerías,2022,11,24,48,24/11/2022,30/11/2022,314.265,309.625,248.15,296.815
Manizales Centro Galerías,2022,12,1,49,01/12/2022,07/12/2022,333.64,293.9,305.745,258.591
Manizales Centro Galerías,2022,12,8,50,08/12/2022,14/12/2022,262.93,301.9,255.54,198.377
Manizales Centro Galerías,2022,12,15,51,15/12/2022,21/12/2022,349.675,305.375,284.605,253.417
Manizales Centro Galerías,2022,12,22,52,22/12/2022,28/12/2022,310.59,403.55,266.675,281.679
Manizales Centro Galerías,2022,12,29,53,29/12/2022,04/01/2023,302.83,320.15,280.26,319.02
Manizales Centro Galerías,2023,1,5,1,05/01/2023,11/01/2023,261.98,177.05,203.29,277.912
Manizales Centro Galerías,2023,1,12,2,12/01/2023,18/01/2023,286.19,314.125,304.805,216.785
Manizales Centro Galerías,2023,1,19,3,19/01/2023,25/01/2023,329.37,262.45,345.635,289.05
Manizales Centro Galerías,2023,1,26,4,26/01/2023,01/02/2023,311.365,338.85,310.33,367.028
Manizales Centro Galerías,2023,2,2,5,02/02/2023,08/02/2023,292.93,385.6,290.66,264.526
Manizales Centro Galerías,2023,2,9,6,09/02/2023,15/02/2023,274.979,463.675,269.559,442.1764
Manizales Centro Galerías,2023,2,16,7,16/02/2023,22/02/2023,318.865,408.615,352.51,402.39814
Manizales Centro Galerías,2023,2,23,8,23/02/2023,01/03/2023,330.751,551.9,368.75,367.48252
Manizales Centro Galerías,2023,3,2,9,02/03/2023,08/03/2023,369.221,496.62,474.67,438.486
Manizales Centro Galerías,2023,3,9,10,09/03/2023,15/03/2023,339.156,489.7,414.141,300.9286
Manizales Centro Galerías,2023,3,16,11,16/03/2023,22/03/2023,286.467,485.34,427.976,338.7588
Manizales Centro Galerías,2023,3,23,12,23/03/2023,29/03/2023,389.21,510.375,516.207,418.456
Manizales Centro Galerías,2023,3,30,13,30/03/2023,05/04/2023,277.472,764.38,576.569,312.003
Manizales Centro Galerías,2023,4,6,14,06/04/2023,12/04/2023,233.62,356.1,331.665,275.334
Manizales Centro Galerías,2023,4,13,15,13/04/2023,19/04/2023,329.572,619.315,457.906,348.0792
Manizales Centro Galerías,2023,4,20,16,20/04/2023,26/04/2023,346.22,566.675,425.395,375.827
Manizales Centro Galerías,2023,4,27,17,27/04/2023,03/05/2023,298.084,449.725,362.899,210.606
Manizales Centro Galerías,2023,5,4,18,04/05/2023,10/05/2023,350.835,693.1,479.308,336.96
Manizales Centro Galerías,2023,5,11,19,11/05/2023,17/05/2023,370.428,582.325,402.567,347.289
Manizales Centro Galerías,2023,5,18,20,18/05/2023,24/05/2023,317.075,411.895,319.161,247.832
Manizales Centro Galerías,2023,5,25,21,25/05/2023,31/05/2023,299.382,511.585,440.079,310.795
Medellín Central Mayorista de Antioquia y Plaza Minorista José María Villa,2018,3,1,9,01/03/2018,07/03/2018,4565.601,4030.498,3922.223,6140.476
Medellín Central Mayorista de Antioquia y Plaza Minorista José María Villa,2018,3,8,10,08/03/2018,14/03/2018,4648.373,4201.986,3870.688,5392.371
Medellín Central Mayorista de Antioquia y Plaza Minorista José María Villa,2018,3,15,11,15/03/2018,21/03/2018,4006.691,3952.488,3770.712,4450.979
Medellín Central Mayorista de Antioquia y Plaza Minorista José María Villa,2018,3,22,12,22/03/2018,28/03/2018,4598.61,4306.958,3935.485,6051.361
Medellín Central Mayorista de Antioquia y Plaza Minorista José María Villa,2018,3,29,13,29/03/2018,04/04/2018,2494.204,2617.437,2482.696,4308.575
Medellín Central Mayorista de Antioquia y Plaza Minorista José María Villa,2018,4,5,14,05/04/2018,11/04/2018,5169.336,4469.999,3756.005,6699.508
Medellín Central Mayorista de Antioquia y Plaza Minorista José María Villa,2018,4,12,15,12/04/2018,18/04/2018,4480.548,4329.99,4114.781,7456.698
Medellín Central Mayorista de Antioquia y Plaza Minorista José María Villa,2018,4,19,16,19/04/2018,25/04/2018,4973.002,4464.942,4119.436,5176.611
Medellín Central Mayorista de Antioquia y Plaza Minorista José María Villa,2018,4,26,17,26/04/2018,02/05/2018,3804.16,3355.98,2913.262,4806.842
Medellín Central Mayorista de Antioquia y Plaza Minorista José María Villa,2018,5,3,18,03/05/2018,09/05/2018,4704.684,4247.576,3846.519,4959.065
Medellín Central Mayorista de Antioquia y Plaza Minorista José María Villa,2018,5,10,19,10/05/2018,16/05/2018,3915.414,3823.033,3416.198,3956.566
Medellín Central Mayorista de Antioquia y Plaza Minorista José María Villa,2018,5,17,20,17/05/2018,23/05/2018,4624.08,4374.635,3739.36,5384.583
Medellín Central Mayorista de Antioquia y Plaza Minorista José María Villa,2018,5,24,21,24/05/2018,30/05/2018,4743.715,4098.238,3581.591,5142.014
Medellín Central Mayorista de Antioquia y Plaza Minorista José María Villa,2018,5,31,22,31/05/2018,06/06/2018,4068.148,4025.195,3580.479,4709.157
Medellín Central Mayorista de Antioquia y Plaza Minorista José María Villa,2018,6,7,23,07/06/2018,13/06/2018,4727.043,4088.26,3701.402,5382.458
Medellín Central Mayorista de Antioquia y Plaza Minorista José María Villa,2018,6,14,24,14/06/2018,20/06/2018,5327.039,4697.066,4060.169,6434.917
Medellín Central Mayorista de Antioquia y Plaza Minorista José María Villa,2018,6,21,25,21/06/2018,27/06/2018,5130.875,4391.81,3875.728,6545.902
Medellín Central Mayorista de Antioquia y Plaza Minorista José María Villa,2018,6,28,26,28/06/2018,04/07/2018,4109.097,3887.224,3561.764,5770.923
Medellín Central Mayorista de Antioquia y Plaza Minorista José María Villa,2018,7,5,27,05/07/2018,11/07/2018,5538.625,4389.344,4212.311,7150.11
Medellín Central Mayorista de Antioquia y Plaza Minorista José María Villa,2018,7,12,28,12/07/2018,18/07/2018,5420.534,4092.996,4174.152,7213.209
Medellín Central Mayorista de Antioquia y Plaza Minorista José María Villa,2018,7,19,29,19/07/2018,25/07/2018,4637.861,3335.968,3708.615,6516.427
Medellín Central Mayorista de Antioquia y Plaza Minorista José María Villa,2018,7,26,30,26/07/2018,01/08/2018,5191.855,3959.264,3963.738,6803.905
Medellín Central Mayorista de Antioquia y Plaza Minorista José María Villa,2018,8,2,31,02/08/2018,08/08/2018,4207.064,3450.345,3541.098,5947.118
Medellín Central Mayorista de Antioquia y Plaza Minorista José María Villa,2018,8,9,32,09/08/2018,15/08/2018,5394.778,4280.971,4256.769,7332.239
Medellín Central Mayorista de Antioquia y Plaza Minorista José María Villa,2018,8,16,33,16/08/2018,22/08/2018,5003.298,4019.622,4419.041,6647.36
Medellín Central Mayorista de Antioquia y Plaza Minorista José María Villa,2018,8,23,34,23/08/2018,29/08/2018,5484.698,4486.364,4594.667,7142.042
Medellín Central Mayorista de Antioquia y Plaza Minorista José María Villa,2018,8,30,35,30/08/2018,05/09/2018,5181.631,4625.657,4442.852,7311.271
Medellín Central Mayorista de Antioquia y Plaza Minorista José María Villa,2018,9,6,36,06/09/2018,12/09/2018,4909.816,4435.9,4248.988,6627.987
Medellín Central Mayorista de Antioquia y Plaza Minorista José María Villa,2018,9,13,37,13/09/2018,19/09/2018,5282.8,4397.146,4061.493,7228.13
Medellín Central Mayorista de Antioquia y Plaza Minorista José María Villa,2018,9,20,38,20/09/2018,26/09/2018,5409.853,4481.451,4179.003,7521.635
Medellín Central Mayorista de Antioquia y Plaza Minorista José María Villa,2018,9,27,39,27/09/2018,03/10/2018,5541.554,4701.893,4260.896,7082.197
Medellín Central Mayorista de Antioquia y Plaza Minorista José María Villa,2018,10,4,40,04/10/2018,10/10/2018,5705.972,4346.867,4197.196,7113.509
Medellín Central Mayorista de Antioquia y Plaza Minorista José María Villa,2018,10,11,41,11/10/2018,17/10/2018,4464.616,4001.351,3977.336,5763.776
Medellín Central Mayorista de Antioquia y Plaza Minorista José María Villa,2018,10,18,42,18/10/2018,24/10/2018,5659.149,4667.005,4382.302,7698.985
Medellín Central Mayorista de Antioquia y Plaza Minorista José María Villa,2018,10,25,43,25/10/2018,31/10/2018,5249.388,4359.457,4158.506,8848.846
Medellín Central Mayorista de Antioquia y Plaza Minorista José María Villa,2018,11,1,44,01/11/2018,07/11/2018,4657.698,3991.946,3876.768,6516.313
Medellín Central Mayorista de Antioquia y Plaza Minorista José María Villa,2018,11,8,45,08/11/2018,14/11/2018,4396.979,4008.153,4228.764,5883.678
Medellín Central Mayorista de Antioquia y Plaza Minorista José María Villa,2018,11,15,46,15/11/2018,21/11/2018,4919.782,4099.127,4183.305,7931.444
Medellín Central Mayorista de Antioquia y Plaza Minorista José María Villa,2018,11,22,47,22/11/2018,28/11/2018,4542.753,3683.202,4414.391,7966.696
Medellín Central Mayorista de Antioquia y Plaza Minorista José María Villa,2018,11,29,48,29/11/2018,05/12/2018,4903.843,3884.994,3539.758,7962.603
Medellín Central Mayorista de Antioquia y Plaza Minorista José María Villa,2018,12,6,49,06/12/2018,12/12/2018,4569.533,3702.026,3515.269,7205.762
Medellín Central Mayorista de Antioquia y Plaza Minorista José María Villa,2018,12,13,50,13/12/2018,19/12/2018,5763.682,4454.388,4357.605,8133.88
Medellín Central Mayorista de Antioquia y Plaza Minorista José María Villa,2018,12,20,51,20/12/2018,26/12/2018,3926.718,3465.995,3408.139,5401.311
Medellín Central Mayorista de Antioquia y Plaza Minorista José María Villa,2018,12,27,52,27/12/2018,02/01/2019,3993.607,3727.627,3463.027,4923.842
Medellín Central Mayorista de Antioquia y Plaza Minorista José María Villa,2019,1,3,1,03/01/2019,09/01/2019,4758.058,3657.895,3833.102,5790.323
Medellín Central Mayorista de Antioquia y Plaza Minorista José María Villa,2019,1,10,2,10/01/2019,16/01/2019,5370.175,4095.457,3914.262,7436.429
Medellín Central Mayorista de Antioquia y Plaza Minorista José María Villa,2019,1,17,3,17/01/2019,23/01/2019,5124.397,3992.491,4071.758,8468.311
Medellín Central Mayorista de Antioquia y Plaza Minorista José María Villa,2019,1,24,4,24/01/2019,30/01/2019,5425.021,4084.445,4020.205,8056.817
Medellín Central Mayorista de Antioquia y Plaza Minorista José María Villa,2019,1,31,5,31/01/2019,06/02/2019,5838.162,4179.307,4134.377,6931.232
Medellín Central Mayorista de Antioquia y Plaza Minorista José María Villa,2019,2,7,6,07/02/2019,13/02/2019,5717.414,4412.75,4434.94,6820.644
Medellín Central Mayorista de Antioquia y Plaza Minorista José María Villa,2019,2,14,7,14/02/2019,20/02/2019,5304.895,4418.333,4225.593,5897.768
Medellín Central Mayorista de Antioquia y Plaza Minorista José María Villa,2019,2,21,8,21/02/2019,27/02/2019,5587.672,4541.54,4307.642,6133.785
Medellín Central Mayorista de Antioquia y Plaza Minorista José María Villa,2019,2,28,9,28/02/2019,06/03/2019,5480.896,4300.886,4410.434,6152.316
Medellín Central Mayorista de Antioquia y Plaza Minorista José María Villa,2019,3,7,10,07/03/2019,13/03/2019,5669.109,4223.154,4330.337,6826.71
Medellín Central Mayorista de Antioquia y Plaza Minorista José María Villa,2019,3,14,11,14/03/2019,20/03/2019,5168.303,3859.95,4441.662,7018.828
Medellín Central Mayorista de Antioquia y Plaza Minorista José María Villa,2019,3,21,12,21/03/2019,27/03/2019,5390.328,3660.981,4200.506,6411.916
Medellín Central Mayorista de Antioquia y Plaza Minorista José María Villa,2019,3,28,13,28/03/2019,03/04/2019,5240.556,4402.682,4367.223,6761.06
Medellín Central Mayorista de Antioquia y Plaza Minorista José María Villa,2019,4,4,14,04/04/2019,10/04/2019,5527.864,4290.876,4547.367,6812.11
Medellín Central Mayorista de Antioquia y Plaza Minorista José María Villa,2019,4,11,15,11/04/2019,17/04/2019,5534.387,4883.958,4711.174,7171.796
Medellín Central Mayorista de Antioquia y Plaza Minorista José María Villa,2019,4,18,16,18/04/2019,24/04/2019,3086.627,2615.335,2680.392,3848.172
Medellín Central Mayorista de Antioquia y Plaza Minorista José María Villa,2019,4,25,17,25/04/2019,01/05/2019,4849.478,3784.141,3722.12,6443.898
Medellín Central Mayorista de Antioquia y Plaza Minorista José María Villa,2019,5,2,18,02/05/2019,08/05/2019,5530.119,4459.806,4300.443,7958.301
Medellín Central Mayorista de Antioquia y Plaza Minorista José María Villa,2019,5,9,19,09/05/2019,15/05/2019,5202.047,3904.278,4176.534,6927.15
Medellín Central Mayorista de Antioquia y Plaza Minorista José María Villa,2019,5,16,20,16/05/2019,22/05/2019,5297.56,3984.957,3953.751,6623.439
Medellín Central Mayorista de Antioquia y Plaza Minorista José María Villa,2019,5,23,21,23/05/2019,29/05/2019,4660.781,4012.596,3729.372,6461.514
Medellín Central Mayorista de Antioquia y Plaza Minorista José María Villa,2019,5,30,22,30/05/2019,05/06/2019,4315.042,3770.321,3622.353,5236.726
Medellín Central Mayorista de Antioquia y Plaza Minorista José María Villa,2019,6,6,23,06/06/2019,12/06/2019,5495.039,4181.404,4286.02,7571.644
Medellín Central Mayorista de Antioquia y Plaza Minorista José María Villa,2019,6,13,24,13/06/2019,19/06/2019,5257.632,4102.193,4266.702,7269.75
Medellín Central Mayorista de Antioquia y Plaza Minorista José María Villa,2019,6,20,25,20/06/2019,26/06/2019,4867.708,3838.203,4015.4,5837.72
Medellín Central Mayorista de Antioquia y Plaza Minorista José María Villa,2019,6,27,26,27/06/2019,03/07/2019,4976.301,3581.304,3835.689,5146.082
Medellín Central Mayorista de Antioquia y Plaza Minorista José María Villa,2019,7,4,27,04/07/2019,10/07/2019,5529.465,4229.97,4392.683,5852.32
Medellín Central Mayorista de Antioquia y Plaza Minorista José María Villa,2019,7,11,28,11/07/2019,17/07/2019,5397.479,4224.451,4271.669,6393.41
Medellín Central Mayorista de Antioquia y Plaza Minorista José María Villa,2019,7,18,29,18/07/2019,24/07/2019,4201.1,3245.384,3442.063,5862.371
Medellín Central Mayorista de Antioquia y Plaza Minorista José María Villa,2019,7,25,30,25/07/2019,31/07/2019,5103.428,3886.813,4042.003,6180.2529
Medellín Central Mayorista de Antioquia y Plaza Minorista José María Villa,2019,8,1,31,01/08/2019,07/08/2019,4286.172,3339.766,3539.073,5619.26432
Medellín Central Mayorista de Antioquia y Plaza Minorista José María Villa,2019,8,8,32,08/08/2019,14/08/2019,5440.049,4460.06,4462.698,6500.51716
Medellín Central Mayorista de Antioquia y Plaza Minorista José María Villa,2019,8,15,33,15/08/2019,21/08/2019,4903.526,3996.473,4131.944,5743.6738
Medellín Central Mayorista de Antioquia y Plaza Minorista José María Villa,2019,8,22,34,22/08/2019,28/08/2019,5733.884,4292.742,4211.692,7005.3918
Medellín Central Mayorista de Antioquia y Plaza Minorista José María Villa,2019,8,29,35,29/08/2019,04/09/2019,5295.969,4390.147,4222.567,6920.45328
Medellín Central Mayorista de Antioquia y Plaza Minorista José María Villa,2019,9,5,36,05/09/2019,11/09/2019,5490.952,4844.438,4524.62,6633.17188
Medellín Central Mayorista de Antioquia y Plaza Minorista José María Villa,2019,9,12,37,12/09/2019,18/09/2019,5112.812,4650.384,4271.586,7057.36274
Medellín Central Mayorista de Antioquia y Plaza Minorista José María Villa,2019,9,19,38,19/09/2019,25/09/2019,5327.147,4369.797,4203.811,6723.01254
Medellín Central Mayorista de Antioquia y Plaza Minorista José María Villa,2019,9,26,39,26/09/2019,02/10/2019,5313.609,4393.444,4594.606,6941.65236
Medellín Central Mayorista de Antioquia y Plaza Minorista José María Villa,2019,10,3,40,03/10/2019,09/10/2019,5346.916,4016.679,4614.932,6568.62638
Medellín Central Mayorista de Antioquia y Plaza Minorista José María Villa,2019,10,10,41,10/10/2019,16/10/2019,4622.497,3892.619,4468.956,5483.57524
Medellín Central Mayorista de Antioquia y Plaza Minorista José María Villa,2019,10,17,42,17/10/2019,23/10/2019,5411.731,4465.361,4754.301,7886.83358
Medellín Central Mayorista de Antioquia y Plaza Minorista José María Villa,2019,10,24,43,24/10/2019,30/10/2019,5125.335,4273.937,4369.374,6338.91082
Medellín Central Mayorista de Antioquia y Plaza Minorista José María Villa,2019,10,31,44,31/10/2019,06/11/2019,4332.278,4040.804,4413.807,6187.28706
Medellín Central Mayorista de Antioquia y Plaza Minorista José María Villa,2019,11,7,45,07/11/2019,13/11/2019,4812.419,3812.164,4138.213,5813.86456
Medellín Central Mayorista de Antioquia y Plaza Minorista José María Villa,2019,11,14,46,14/11/2019,20/11/2019,4860.795,4395.081,4284.222,6868.64676
Medellín Central Mayorista de Antioquia y Plaza Minorista José María Villa,2019,11,21,47,21/11/2019,27/11/2019,4960.802,4049.43,4074.746,6236.32174
Medellín Central Mayorista de Antioquia y Plaza Minorista José María Villa,2019,11,28,48,28/11/2019,04/12/2019,5302.189,4216.582,4155.278,6858.3539
Medellín Central Mayorista de Antioquia y Plaza Minorista José María Villa,2019,12,5,49,05/12/2019,11/12/2019,5046.57,4018.333,4111.841,6605.2313
Medellín Central Mayorista de Antioquia y Plaza Minorista José María Villa,2019,12,12,50,12/12/2019,18/12/2019,5488.966,3806.44,4180.913,6064.94238
Medellín Central Mayorista de Antioquia y Plaza Minorista José María Villa,2019,12,19,51,19/12/2019,25/12/2019,4821.456,3976.616,3752.716,4569.481
Medellín Central Mayorista de Antioquia y Plaza Minorista José María Villa,2019,12,26,52,26/12/2019,01/01/2020,4028.415,3597.28,3626.933,4031.97048
Medellín Central Mayorista de Antioquia y Plaza Minorista José María Villa,2020,1,2,1,02/01/2020,08/01/2020,4047.012,3454.835,3545.876,4023.12922
Medellín Central Mayorista de Antioquia y Plaza Minorista José María Villa,2020,1,9,2,09/01/2020,15/01/2020,5989.968,4782.72,3977.906,6666.34592
Medellín Central Mayorista de Antioquia y Plaza Minorista José María Villa,2020,1,16,3,16/01/2020,22/01/2020,5592.258,4642.703,4231.545,6925.48464
Medellín Central Mayorista de Antioquia y Plaza Minorista José María Villa,2020,1,23,4,23/01/2020,29/01/2020,5700.743,4385.23,4182.431,6923.09266
Medellín Central Mayorista de Antioquia y Plaza Minorista José María Villa,2020,1,30,5,30/01/2020,05/02/2020,5936.762,4852.841,4354.492,6666.2534
Medellín Central Mayorista de Antioquia y Plaza Minorista José María Villa,2020,2,6,6,06/02/2020,12/02/2020,5666.859,4312.275,4416.151,6622.11364
Medellín Central Mayorista de Antioquia y Plaza Minorista José María Villa,2020,2,13,7,13/02/2020,19/02/2020,5553.702,4363.5,4306.605,6389.68248
Medellín Central Mayorista de Antioquia y Plaza Minorista José María Villa,2020,2,20,8,20/02/2020,26/02/2020,5898.942,4396.638,4541.317,6434.0979
Medellín Central Mayorista de Antioquia y Plaza Minorista José María Villa,2020,2,27,9,27/02/2020,04/03/2020,5634.966,4432.795,4430.261,5837.94084
Medellín Central Mayorista de Antioquia y Plaza Minorista José María Villa,2020,3,5,10,05/03/2020,11/03/2020,5308.75,4876.601,4248.046,7390.38746
Medellín Central Mayorista de Antioquia y Plaza Minorista José María Villa,2020,3,12,11,12/03/2020,18/03/2020,5410.435,4727.5,4431.595,7133.37394
Medellín Central Mayorista de Antioquia y Plaza Minorista José María Villa,2020,3,19,12,19/03/2020,25/03/2020,4929.147,4754.985,3796.895,5291.7006
Medellín Central Mayorista de Antioquia y Plaza Minorista José María Villa,2020,3,26,13,26/03/2020,01/04/2020,4145.152,4253.378,3321.461,6399.53034
Medellín Central Mayorista de Antioquia y Plaza Minorista José María Villa,2020,4,2,14,02/04/2020,08/04/2020,5043.406,4820.606,4240.867,5859.50168
Medellín Central Mayorista de Antioquia y Plaza Minorista José María Villa,2020,4,9,15,09/04/2020,15/04/2020,2715.778,2778.171,2603.589,3456.25504
Medellín Central Mayorista de Antioquia y Plaza Minorista José María Villa,2020,4,16,16,16/04/2020,22/04/2020,4022.064,4039.681,3304.463,5503.11642
Medellín Central Mayorista de Antioquia y Plaza Minorista José María Villa,2020,4,23,17,23/04/2020,29/04/2020,3906.342,3825.792,3317.702,6030.0225
Medellín Central Mayorista de Antioquia y Plaza Minorista José María Villa,2020,4,30,18,30/04/2020,06/05/2020,3697.552,3376.193,3260.295,4514.22702
Medellín Central Mayorista de Antioquia y Plaza Minorista José María Villa,2020,5,7,19,07/05/2020,13/05/2020,5059.565,4282.921,4232.344,5652.2913
Medellín Central Mayorista de Antioquia y Plaza Minorista José María Villa,2020,5,14,20,14/05/2020,20/05/2020,5505.977,4347.779,4284.081,5479.07372
Medellín Central Mayorista de Antioquia y Plaza Minorista José María Villa,2020,5,21,21,21/05/2020,27/05/2020,4981.737,3913.127,3936.373,5034.5243
Medellín Central Mayorista de Antioquia y Plaza Minorista José María Villa,2020,5,28,22,28/05/2020,03/06/2020,5373.614,3852.949,3883.981,6031.63082
Medellín Central Mayorista de Antioquia y Plaza Minorista José María Villa,2020,6,4,23,04/06/2020,10/06/2020,5256.839,3821.02,4038.19,4548.7425
Medellín Central Mayorista de Antioquia y Plaza Minorista José María Villa,2020,6,11,24,11/06/2020,17/06/2020,4691.64,3627.715,3730.353,4845.48018
Medellín Central Mayorista de Antioquia y Plaza Minorista José María Villa,2020,6,18,25,18/06/2020,24/06/2020,4700.718,3856.77,3870.209,4747.57136
Medellín Central Mayorista de Antioquia y Plaza Minorista José María Villa,2020,6,25,26,25/06/2020,01/07/2020,4661.106,3706.753,4044.187,4798.05766
Medellín Central Mayorista de Antioquia y Plaza Minorista José María Villa,2020,7,2,27,02/07/2020,08/07/2020,5155.199,4086.4,4096.135,6085.957
Medellín Central Mayorista de Antioquia y Plaza Minorista José María Villa,2020,7,9,28,09/07/2020,15/07/2020,5039.386,4111.584,3915.742,5837.74508
Medellín Central Mayorista de Antioquia y Plaza Minorista José María Villa,2020,7,16,29,16/07/2020,22/07/2020,4620.044,4193.597,4157.264,4971.13276
Medellín Central Mayorista de Antioquia y Plaza Minorista José María Villa,2020,7,23,30,23/07/2020,29/07/2020,5056.202,4328.418,4074.253,4859.0123
Medellín Central Mayorista de Antioquia y Plaza Minorista José María Villa,2020,7,30,31,30/07/2020,05/08/2020,5151.335,4431.544,3943.708,5352.41762
Medellín Central Mayorista de Antioquia y Plaza Minorista José María Villa,2020,8,6,32,06/08/2020,12/08/2020,3745.823,3527.421,3111.686,3019.08042
Medellín Central Mayorista de Antioquia y Plaza Minorista José María Villa,2020,8,13,33,13/08/2020,19/08/2020,4470.827,3672.604,4309.542,2199.6282
Medellín Central Mayorista de Antioquia y Plaza Minorista José María Villa,2020,8,20,34,20/08/2020,26/08/2020,4498.304,3682.577,4186.23,3534.681
Medellín Central Mayorista de Antioquia y Plaza Minorista José María Villa,2020,8,27,35,27/08/2020,02/09/2020,4780.259,4003.392,4066.78,5515.2644
Medellín Central Mayorista de Antioquia y Plaza Minorista José María Villa,2020,9,3,36,03/09/2020,09/09/2020,4696.88,4705.567,4374.807,5796.16192
Medellín Central Mayorista de Antioquia y Plaza Minorista José María Villa,2020,9,10,37,10/09/2020,16/09/2020,4621.584,4457.923,4396.083,5738.1572
Medellín Central Mayorista de Antioquia y Plaza Minorista José María Villa,2020,9,17,38,17/09/2020,23/09/2020,4873.417,4760.915,4562.118,5927.51316
Medellín Central Mayorista de Antioquia y Plaza Minorista José María Villa,2020,9,24,39,24/09/2020,30/09/2020,4666.521,4473.024,4282.007,6409.58262
Medellín Central Mayorista de Antioquia y Plaza Minorista José María Villa,2020,10,1,40,01/10/2020,07/10/2020,5232.252,4883.811,4436.36,5579.0502
Medellín Central Mayorista de Antioquia y Plaza Minorista José María Villa,2020,10,8,41,08/10/2020,14/10/2020,4338.563,4413.087,3859.163,3528.33212
Medellín Central Mayorista de Antioquia y Plaza Minorista José María Villa,2020,10,15,42,15/10/2020,21/10/2020,5352.871,5264.975,4642.643,5180.42024
Medellín Central Mayorista de Antioquia y Plaza Minorista José María Villa,2020,10,22,43,22/10/2020,28/10/2020,5125.697,4617.81,4475.519,5216.09226
Medellín Central Mayorista de Antioquia y Plaza Minorista José María Villa,2020,10,29,44,29/10/2020,04/11/2020,4229.564,3990.563,4119.795,4504.70272
Medellín Central Mayorista de Antioquia y Plaza Minorista José María Villa,2020,11,5,45,05/11/2020,11/11/2020,5186.081,4440.393,4197.682,5425.05952
Medellín Central Mayorista de Antioquia y Plaza Minorista José María Villa,2020,11,12,46,12/11/2020,18/11/2020,4454.637,3464.146,4114.148,4304.93468
Medellín Central Mayorista de Antioquia y Plaza Minorista José María Villa,2020,11,19,47,19/11/2020,25/11/2020,5732.457,4152.019,4504.353,5906.96648
Medellín Central Mayorista de Antioquia y Plaza Minorista José María Villa,2020,11,26,48,26/11/2020,02/12/2020,5276.958,4584.912,4527.664,6433.4905
Medellín Central Mayorista de Antioquia y Plaza Minorista José María Villa,2020,12,3,49,03/12/2020,09/12/2020,4357.92,4205.768,3787.652,5588.66178
Medellín Central Mayorista de Antioquia y Plaza Minorista José María Villa,2020,12,10,50,10/12/2020,16/12/2020,5019.977,4769.769,4391.909,6021.85982
Medellín Central Mayorista de Antioquia y Plaza Minorista José María Villa,2020,12,17,51,17/12/2020,23/12/2020,5668.312,5177.027,4432.767,7129.93054
Medellín Central Mayorista de Antioquia y Plaza Minorista José María Villa,2020,12,24,52,24/12/2020,30/12/2020,3761.744,4123.102,3700.274,4181.57914
Medellín Central Mayorista de Antioquia y Plaza Minorista José María Villa,2020,12,31,53,31/12/2020,06/01/2021,3484.031,3473.197,3142.404,3405.07108
Medellín Central Mayorista de Antioquia y Plaza Minorista José María Villa,2021,1,7,2,07/01/2021,13/01/2021,5086.116,4567.761,4010.211,4199.2556
Medellín Central Mayorista de Antioquia y Plaza Minorista José María Villa,2021,1,14,3,14/01/2021,20/01/2021,5208.549,4920.25,4309.695,5654.799
Medellín Central Mayorista de Antioquia y Plaza Minorista José María Villa,2021,1,21,4,21/01/2021,27/01/2021,5585.686,4716.636,4389.097,5651.3772
Medellín Central Mayorista de Antioquia y Plaza Minorista José María Villa,2021,1,28,5,28/01/2021,03/02/2021,4764.313,4599.736,3988.041,5638.8098
Medellín Central Mayorista de Antioquia y Plaza Minorista José María Villa,2021,2,4,6,04/02/2021,10/02/2021,4964.679,4349.099,4102.609,5128.79272
Medellín Central Mayorista de Antioquia y Plaza Minorista José María Villa,2021,2,11,7,11/02/2021,17/02/2021,4940.443,4045.302,3902.78,4788.93898
Medellín Central Mayorista de Antioquia y Plaza Minorista José María Villa,2021,2,18,8,18/02/2021,24/02/2021,4721.554,4144.965,3894.721,5726.77182
Medellín Central Mayorista de Antioquia y Plaza Minorista José María Villa,2021,2,25,9,25/02/2021,03/03/2021,4557.223,4208.346,4069.33,4403.96272
Medellín Central Mayorista de Antioquia y Plaza Minorista José María Villa,2021,3,4,10,04/03/2021,10/03/2021,4987.315,4144.385,4555.689,2947.8182
Medellín Central Mayorista de Antioquia y Plaza Minorista José María Villa,2021,3,11,11,11/03/2021,17/03/2021,4648.449,3910.306,4330.122,5382.85966
Medellín Central Mayorista de Antioquia y Plaza Minorista José María Villa,2021,3,18,12,18/03/2021,24/03/2021,4277.895,3912.2,4094.7,4980.64422
Medellín Central Mayorista de Antioquia y Plaza Minorista José María Villa,2021,3,25,13,25/03/2021,31/03/2021,4646.168,4375.399,4421.478,5853.14976
Medellín Central Mayorista de Antioquia y Plaza Minorista José María Villa,2021,4,1,14,01/04/2021,07/04/2021,3028.573,2843.346,2664.19,3668.68734
Medellín Central Mayorista de Antioquia y Plaza Minorista José María Villa,2021,4,8,15,08/04/2021,14/04/2021,5139.171,5007.813,4475.839,5414.74234
Medellín Central Mayorista de Antioquia y Plaza Minorista José María Villa,2021,4,15,16,15/04/2021,21/04/2021,4836.116,4684.762,4341.568,5088.3297
Medellín Central Mayorista de Antioquia y Plaza Minorista José María Villa,2021,4,22,17,22/04/2021,28/04/2021,4666.881,4562.782,4067.14,4925.46962
Medellín Central Mayorista de Antioquia y Plaza Minorista José María Villa,2021,4,29,18,29/04/2021,05/05/2021,3234.229,2932.693,2943.289,3977.78296
Medellín Central Mayorista de Antioquia y Plaza Minorista José María Villa,2021,5,6,19,06/05/2021,12/05/2021,4989.57,3784.518,3690.496,3587.27582
Medellín Central Mayorista de Antioquia y Plaza Minorista José María Villa,2021,5,13,20,13/05/2021,19/05/2021,4929.761,3720.108,3663.089,4451.64046
Medellín Central Mayorista de Antioquia y Plaza Minorista José María Villa,2021,5,20,21,20/05/2021,26/05/2021,5668.333,4428.682,4205.089,5389.4642
Medellín Central Mayorista de Antioquia y Plaza Minorista José María Villa,2021,5,27,22,27/05/2021,02/06/2021,4527.135,3589.001,3816.303,4787.97606
Medellín Central Mayorista de Antioquia y Plaza Minorista José María Villa,2021,6,3,23,03/06/2021,09/06/2021,4086.056,3548.574,4041.418,3312.35162
Medellín Central Mayorista de Antioquia y Plaza Minorista José María Villa,2021,6,10,24,10/06/2021,16/06/2021,3657.909,3749.222,3791.926,2423.90746
Medellín Central Mayorista de Antioquia y Plaza Minorista José María Villa,2021,6,17,25,17/06/2021,23/06/2021,4615.237,3980.16,3992.128,5083.05764
Medellín Central Mayorista de Antioquia y Plaza Minorista José María Villa,2021,6,24,26,24/06/2021,30/06/2021,4298.097,4164.957,3862.305,5344.9984
Medellín Central Mayorista de Antioquia y Plaza Minorista José María Villa,2021,7,1,27,01/07/2021,07/07/2021,3711.267,3888.226,3941.756,4925.67198
Medellín Central Mayorista de Antioquia y Plaza Minorista José María Villa,2021,7,8,28,08/07/2021,14/07/2021,4495.527,3802.141,4418.14,5490.96332
Medellín Central Mayorista de Antioquia y Plaza Minorista José María Villa,2021,7,15,29,15/07/2021,21/07/2021,3989.506,3021.93,3731.496,4863.88284
Medellín Central Mayorista de Antioquia y Plaza Minorista José María Villa,2021,7,22,30,22/07/2021,28/07/2021,4427.72,3982.062,4093.823,5379.00622
Medellín Central Mayorista de Antioquia y Plaza Minorista José María Villa,2021,7,29,31,29/07/2021,04/08/2021,4277.043,3806.38,4042.799,4653.95302
Medellín Central Mayorista de Antioquia y Plaza Minorista José María Villa,2021,8,5,32,05/08/2021,11/08/2021,3295.471,3331.031,3102.624,4184.62794
Medellín Central Mayorista de Antioquia y Plaza Minorista José María Villa,2021,8,12,33,12/08/2021,18/08/2021,3795.521,3550,3677.055,3163.39106
Medellín Central Mayorista de Antioquia y Plaza Minorista José María Villa,2021,8,19,34,19/08/2021,25/08/2021,4409.264,4794.321,4320.372,4491.2736
Medellín Central Mayorista de Antioquia y Plaza Minorista José María Villa,2021,8,26,35,26/08/2021,01/09/2021,4502.989,4481.747,4091.773,4742.50892
Medellín Central Mayorista de Antioquia y Plaza Minorista José María Villa,2021,9,2,36,02/09/2021,08/09/2021,4778.867,4455.832,4841.303,5763.34138
Medellín Central Mayorista de Antioquia y Plaza Minorista José María Villa,2021,9,9,37,09/09/2021,15/09/2021,5070.747,4379.955,4520.885,5688.00308
Medellín Central Mayorista de Antioquia y Plaza Minorista José María Villa,2021,9,16,38,16/09/2021,22/09/2021,4907.84,4642.691,4914.288,6445.44862
Medellín Central Mayorista de Antioquia y Plaza Minorista José María Villa,2021,9,23,39,23/09/2021,29/09/2021,4746.551,4531.245,4695.71,6953.96218
Medellín Central Mayorista de Antioquia y Plaza Minorista José María Villa,2021,9,30,40,30/09/2021,06/10/2021,4328.131,4686.156,4176.149,5366.37656
Medellín Central Mayorista de Antioquia y Plaza Minorista José María Villa,2021,10,7,41,07/10/2021,13/10/2021,4458.649,4458.409,4086.608,5270.02584
Medellín Central Mayorista de Antioquia y Plaza Minorista José María Villa,2021,10,14,42,14/10/2021,20/10/2021,4364.499,4524.542,3889.319,5139.52962
Medellín Central Mayorista de Antioquia y Plaza Minorista José María Villa,2021,10,21,43,21/10/2021,27/10/2021,4764.025,4771.617,4280.198,5963.8722
Medellín Central Mayorista de Antioquia y Plaza Minorista José María Villa,2021,10,28,44,28/10/2021,03/11/2021,4211.363,4228.695,3948.84,6417.6085
Medellín Central Mayorista de Antioquia y Plaza Minorista José María Villa,2021,11,4,45,04/11/2021,10/11/2021,4438.626,4257.245,4472.607,5689.80966
Medellín Central Mayorista de Antioquia y Plaza Minorista José María Villa,2021,11,11,46,11/11/2021,17/11/2021,4473.238,3821.764,4199.088,5926.80392
Medellín Central Mayorista de Antioquia y Plaza Minorista José María Villa,2021,11,18,47,18/11/2021,24/11/2021,4770.208,4274.072,4387.894,6818.96598
Medellín Central Mayorista de Antioquia y Plaza Minorista José María Villa,2021,11,25,48,25/11/2021,01/12/2021,4257.289,3778.595,4209.841,5429.74986
Medellín Central Mayorista de Antioquia y Plaza Minorista José María Villa,2021,12,2,49,02/12/2021,08/12/2021,3892.366,3581.342,3709.332,4545.21738
Medellín Central Mayorista de Antioquia y Plaza Minorista José María Villa,2021,12,9,50,09/12/2021,15/12/2021,4311.6,3822.043,4485.641,5557.65056
Medellín Central Mayorista de Antioquia y Plaza Minorista José María Villa,2021,12,16,51,16/12/2021,22/12/2021,4390.136,4113.326,4648.045,5421.38446
Medellín Central Mayorista de Antioquia y Plaza Minorista José María Villa,2021,12,23,52,23/12/2021,29/12/2021,3587.635,3751.532,3836.006,4047.60444
Medellín Central Mayorista de Antioquia y Plaza Minorista José María Villa,2021,12,30,53,30/12/2021,05/01/2022,3357.218,3343.131,3661.743,3150.593
Medellín Central Mayorista de Antioquia y Plaza Minorista José María Villa,2022,1,6,2,06/01/2022,12/01/2022,3951.055,3663.179,3959.808,4860.6224
Medellín Central Mayorista de Antioquia y Plaza Minorista José María Villa,2022,1,13,3,13/01/2022,19/01/2022,4763.918,3844.281,4044.587,5568.129
Medellín Central Mayorista de Antioquia y Plaza Minorista José María Villa,2022,1,20,4,20/01/2022,26/01/2022,4672.97,3666.337,4003.704,6006.3312
Medellín Central Mayorista de Antioquia y Plaza Minorista José María Villa,2022,1,27,5,27/01/2022,02/02/2022,4583.813,3499.104,4170.418,6242.89992
Medellín Central Mayorista de Antioquia y Plaza Minorista José María Villa,2022,2,3,6,03/02/2022,09/02/2022,4855.112,4150.054,4383.952,4910.16948
Medellín Central Mayorista de Antioquia y Plaza Minorista José María Villa,2022,2,10,7,10/02/2022,16/02/2022,4797.287,3955.435,4441.727,5065.54944
Medellín Central Mayorista de Antioquia y Plaza Minorista José María Villa,2022,2,17,8,17/02/2022,23/02/2022,4489.522,3712.982,4475.585,5349.78186
Medellín Central Mayorista de Antioquia y Plaza Minorista José María Villa,2022,2,24,9,24/02/2022,02/03/2022,4570.608,4028.726,4000.76,5172.606
Medellín Central Mayorista de Antioquia y Plaza Minorista José María Villa,2022,3,3,10,03/03/2022,09/03/2022,4794.113,4153.896,4051.89,4949.96628
Medellín Central Mayorista de Antioquia y Plaza Minorista José María Villa,2022,3,10,11,10/03/2022,16/03/2022,4633.173,4051.011,3982.816,5138.05978
Medellín Central Mayorista de Antioquia y Plaza Minorista José María Villa,2022,3,17,12,17/03/2022,23/03/2022,4681.038,4219.956,4119.777,3615.3961
Medellín Central Mayorista de Antioquia y Plaza Minorista José María Villa,2022,3,24,13,24/03/2022,30/03/2022,4729.664,4418.31,3955.236,3462.28252
Medellín Central Mayorista de Antioquia y Plaza Minorista José María Villa,2022,3,31,14,31/03/2022,06/04/2022,4718.313,3856.496,4279.581,5670.76806
Medellín Central Mayorista de Antioquia y Plaza Minorista José María Villa,2022,4,7,15,07/04/2022,13/04/2022,4675.54,4257.184,4465.625,5360.67222
Medellín Central Mayorista de Antioquia y Plaza Minorista José María Villa,2022,4,14,16,14/04/2022,20/04/2022,2841.85,2503.387,2744.342,3312.60508
Medellín Central Mayorista de Antioquia y Plaza Minorista José María Villa,2022,4,21,17,21/04/2022,27/04/2022,5214.78,4076.101,4020.255,5702.8509
Medellín Central Mayorista de Antioquia y Plaza Minorista José María Villa,2022,4,28,18,28/04/2022,04/05/2022,4634.999,4155.876,3782.408,5964.36854
Medellín Central Mayorista de Antioquia y Plaza Minorista José María Villa,2022,5,5,19,05/05/2022,11/05/2022,3687.273,4403.759,3420.814,5346.57192
Medellín Central Mayorista de Antioquia y Plaza Minorista José María Villa,2022,5,12,20,12/05/2022,18/05/2022,4369.987,4393.061,3618.517,4842.61208
Medellín Central Mayorista de Antioquia y Plaza Minorista José María Villa,2022,5,19,21,19/05/2022,25/05/2022,3964.385,4389.317,3807.584,5010.69992
Medellín Central Mayorista de Antioquia y Plaza Minorista José María Villa,2022,5,26,22,26/05/2022,01/06/2022,3990.591,4187.301,3420.555,3717.19144
Medellín Central Mayorista de Antioquia y Plaza Minorista José María Villa,2022,6,2,23,02/06/2022,08/06/2022,3837.895,3762.883,3625.983,4006.12086
Medellín Central Mayorista de Antioquia y Plaza Minorista José María Villa,2022,6,9,24,09/06/2022,15/06/2022,3559,3059,3550,4312
Medellín Central Mayorista de Antioquia y Plaza Minorista José María Villa,2022,6,16,25,16/06/2022,22/06/2022,3204.571,3488,3302.168,3696.46296
Medellín Central Mayorista de Antioquia y Plaza Minorista José María Villa,2022,6,23,26,23/06/2022,29/06/2022,3449.307,3257.773,3699.883,3986.76644
Medellín Central Mayorista de Antioquia y Plaza Minorista José María Villa,2022,6,30,27,30/06/2022,06/07/2022,3974.229,4146.226,3824.288,3641.35074
Medellín Central Mayorista de Antioquia y Plaza Minorista José María Villa,2022,7,7,28,07/07/2022,13/07/2022,4461.581,4676.278,3849.715,4607.70132
Medellín Central Mayorista de Antioquia y Plaza Minorista José María Villa,2022,7,14,29,14/07/2022,20/07/2022,4068.815,3813.618,3281.973,4077.03474
Medellín Central Mayorista de Antioquia y Plaza Minorista José María Villa,2022,7,21,30,21/07/2022,27/07/2022,4911.942,4753.922,3857.73,5224.35796
Medellín Central Mayorista de Antioquia y Plaza Minorista José María Villa,2022,7,28,31,28/07/2022,03/08/2022,4458.507,4095.629,3908.968,2876.7218
Medellín Central Mayorista de Antioquia y Plaza Minorista José María Villa,2022,8,4,32,04/08/2022,10/08/2022,4558.437,4027.703,3727.481,2468.45
Medellín Central Mayorista de Antioquia y Plaza Minorista José María Villa,2022,8,11,33,11/08/2022,17/08/2022,4041.166,3482.862,3388.535,1701.8995
Medellín Central Mayorista de Antioquia y Plaza Minorista José María Villa,2022,8,18,34,18/08/2022,24/08/2022,4610.602,3738.276,3636.846,1098.828
Medellín Central Mayorista de Antioquia y Plaza Minorista José María Villa,2022,8,25,35,25/08/2022,31/08/2022,4241.893,3652.218,3467.489,1238.1514
Medellín Central Mayorista de Antioquia y Plaza Minorista José María Villa,2022,9,1,36,01/09/2022,07/09/2022,3608.759,3686.257,3774.073,1860.70022
Medellín Central Mayorista de Antioquia y Plaza Minorista José María Villa,2022,9,8,37,08/09/2022,14/09/2022,3406.238,3575.829,3644.951,2160.36056
Medellín Central Mayorista de Antioquia y Plaza Minorista José María Villa,2022,9,15,38,15/09/2022,21/09/2022,3454.165,4038.372,3792.546,1646.58668
Medellín Central Mayorista de Antioquia y Plaza Minorista José María Villa,2022,9,22,39,22/09/2022,28/09/2022,3380.098,4059.087,3878.562,2227.86788
Medellín Central Mayorista de Antioquia y Plaza Minorista José María Villa,2022,9,29,40,29/09/2022,05/10/2022,3482.862,4036.051,3633.356,1605.22816
Medellín Central Mayorista de Antioquia y Plaza Minorista José María Villa,2022,10,6,41,06/10/2022,12/10/2022,3371.2,4050.457,3729.74,1985.00924
Medellín Central Mayorista de Antioquia y Plaza Minorista José María Villa,2022,10,13,42,13/10/2022,19/10/2022,3203.632,3809.873,3422.691,1366.89818
Medellín Central Mayorista de Antioquia y Plaza Minorista José María Villa,2022,10,20,43,20/10/2022,26/10/2022,3238.441,3926.193,3554.729,2315.4122
Medellín Central Mayorista de Antioquia y Plaza Minorista José María Villa,2022,10,27,44,27/10/2022,02/11/2022,3255.951,3813.148,3409.443,2061.4465
Medellín Central Mayorista de Antioquia y Plaza Minorista José María Villa,2022,11,3,45,03/11/2022,09/11/2022,3769.317,4112.105,3693.665,2022.63446
Medellín Central Mayorista de Antioquia y Plaza Minorista José María Villa,2022,11,10,46,10/11/2022,16/11/2022,3631.47,3892.799,3543.399,2564.47822
Medellín Central Mayorista de Antioquia y Plaza Minorista José María Villa,2022,11,17,47,17/11/2022,23/11/2022,3700.04,4294.417,3599.001,2883.95564
Medellín Central Mayorista de Antioquia y Plaza Minorista José María Villa,2022,11,24,48,24/11/2022,30/11/2022,3735.457,4044.663,3897.526,2521.41956
Medellín Central Mayorista de Antioquia y Plaza Minorista José María Villa,2022,12,1,49,01/12/2022,07/12/2022,2594.336,3323.9,2846.712,2046.772
Medellín Central Mayorista de Antioquia y Plaza Minorista José María Villa,2022,12,8,50,08/12/2022,14/12/2022,1960.352,2217.976,2014.977,860.0518
Medellín Central Mayorista de Antioquia y Plaza Minorista José María Villa,2022,12,15,51,15/12/2022,21/12/2022,3635.166,4185.804,3921.61,3043.29656
Medellín Central Mayorista de Antioquia y Plaza Minorista José María Villa,2022,12,22,52,22/12/2022,28/12/2022,4451.1,4659.086,4163.775,2180.6974
Medellín Central Mayorista de Antioquia y Plaza Minorista José María Villa,2022,12,29,53,29/12/2022,04/01/2023,3659.775,4133.984,3828.355,1780.90568
Medellín Central Mayorista de Antioquia y Plaza Minorista José María Villa,2023,1,5,1,05/01/2023,11/01/2023,3638.682,4153.448,3708.994,1638.18654
Medellín Central Mayorista de Antioquia y Plaza Minorista José María Villa,2023,1,12,2,12/01/2023,18/01/2023,3899.923,4368.149,3988.599,3553.3414
Medellín Central Mayorista de Antioquia y Plaza Minorista José María Villa,2023,1,19,3,19/01/2023,25/01/2023,4197.09,4907.252,4025.096,3370.0804
Medellín Central Mayorista de Antioquia y Plaza Minorista José María Villa,2023,1,26,4,26/01/2023,01/02/2023,4190.53,4802.687,4485.279,3660.60166
Medellín Central Mayorista de Antioquia y Plaza Minorista José María Villa,2023,2,2,5,02/02/2023,08/02/2023,4497.158,5150.597,4337.287,4421.745
Medellín Central Mayorista de Antioquia y Plaza Minorista José María Villa,2023,2,9,6,09/02/2023,15/02/2023,4413.781,4900.998,4236.582,4388.4848
Medellín Central Mayorista de Antioquia y Plaza Minorista José María Villa,2023,2,16,7,16/02/2023,22/02/2023,4003.677,5065.968,4306.126,4163.71314
Medellín Central Mayorista de Antioquia y Plaza Minorista José María Villa,2023,2,23,8,23/02/2023,01/03/2023,4491.961,4713.43,4309.111,3739.78728
Medellín Central Mayorista de Antioquia y Plaza Minorista José María Villa,2023,3,2,9,02/03/2023,08/03/2023,4226.826,4896.808,4894.304,3357.57792
Medellín Central Mayorista de Antioquia y Plaza Minorista José María Villa,2023,3,9,10,09/03/2023,15/03/2023,4272.645,4789.797,4251.762,4030.80842
Medellín Central Mayorista de Antioquia y Plaza Minorista José María Villa,2023,3,16,11,16/03/2023,22/03/2023,4183.538,4932.726,4287.188,2917.21758
Medellín Central Mayorista de Antioquia y Plaza Minorista José María Villa,2023,3,23,12,23/03/2023,29/03/2023,4614.118,5304.818,4767.599,4476.07328
Medellín Central Mayorista de Antioquia y Plaza Minorista José María Villa,2023,3,30,13,30/03/2023,05/04/2023,4547.12,5003.803,4850.022,2975.27524
Medellín Central Mayorista de Antioquia y Plaza Minorista José María Villa,2023,4,6,14,06/04/2023,12/04/2023,2696.31,3163.332,2838.79,2939.1932
Medellín Central Mayorista de Antioquia y Plaza Minorista José María Villa,2023,4,13,15,13/04/2023,19/04/2023,4998.416,4829.078,4755.336,3875.7179
Medellín Central Mayorista de Antioquia y Plaza Minorista José María Villa,2023,4,20,16,20/04/2023,26/04/2023,4696.099,4920.419,4637.964,3824.50358
Medellín Central Mayorista de Antioquia y Plaza Minorista José María Villa,2023,4,27,17,27/04/2023,03/05/2023,4358.312,4875.909,4509.408,2359.10976
Medellín Central Mayorista de Antioquia y Plaza Minorista José María Villa,2023,5,4,18,04/05/2023,10/05/2023,5612.264,5384.235,4877.199,4028.69436
Medellín Central Mayorista de Antioquia y Plaza Minorista José María Villa,2023,5,11,19,11/05/2023,17/05/2023,5012.805,4602.51,4512.628,2424.5412
Medellín Central Mayorista de Antioquia y Plaza Minorista José María Villa,2023,5,18,20,18/05/2023,24/05/2023,4582.41,4101.605,4369.719,819.2582
Medellín Central Mayorista de Antioquia y Plaza Minorista José María Villa,2023,5,25,21,25/05/2023,31/05/2023,4162.686,3748.461,3716.642,1062.617
